Address,USB0::0x2A8D::0x039B::CN60201260::0::INSTR
Model,EDUX1052G
Serial Number,CN60201260
Start Time,2026-04-29 14:31:58

Sample Count,Time(s),2(VOLT),
1,0.100074999034,0.442211121321,
2,0.100075125694,0.442211121321,
3,0.100075252354,0.442211121321,
4,0.100075371563,0.442211121321,
5,0.100075498223,0.402010113001,
6,0.100075624883,0.402010113001,
7,0.100075751543,0.402010113001,
8,0.100075878203,0.402010113001,
9,0.100075997412,0.442211121321,
10,0.100076124072,0.361809104681,
11,0.100076250732,0.402010113001,
12,0.100076377392,0.402010113001,
13,0.100076496601,0.361809104681,
14,0.100076623261,0.321608096361,
15,0.100076749921,0.361809104681,
16,0.100076876581,0.361809104681,
17,0.100077003241,0.321608096361,
18,0.10007712245,0.281407088041,
19,0.10007724911,0.321608096361,
20,0.10007737577,0.281407088041,
21,0.100077502429,0.321608096361,
22,0.100077621639,0.281407088041,
23,0.100077748299,0.281407088041,
24,0.100077874959,0.281407088041,
25,0.100078001618,0.281407088041,
26,0.100078128278,0.241206079721,
27,0.100078247488,0.241206079721,
28,0.100078374147,0.241206079721,
29,0.100078500807,0.281407088041,
30,0.100078627467,0.241206079721,
31,0.100078746676,0.241206079721,
32,0.100078873336,0.160804048181,
33,0.100078999996,0.2010050565,
34,0.100079126656,0.2010050565,
35,0.100079253316,0.160804048181,
36,0.100079372525,0.160804048181,
37,0.100079499185,0.160804048181,
38,0.100079625845,0.160804048181,
39,0.100079752505,0.160804048181,
40,0.100079871714,0.160804048181,
41,0.100079998374,0.120603039861,
42,0.100080125034,0.120603039861,
43,0.100080251694,0.0804020240903,
44,0.100080378354,0.120603039861,
45,0.100080497563,0.0804020240903,
46,0.100080624223,0.0804020240903,
47,0.100080750883,0.0804020240903,
48,0.100080877542,0.0402010120451,
49,0.100080996752,0.0804020240903,
50,0.100081123412,0.0402010120451,
51,0.100081250072,0,
52,0.100081376731,0.0402010120451,
53,0.100081503391,0,
54,0.100081622601,0,
55,0.10008174926,0,
56,0.10008187592,-0.0402010120451,
57,0.10008200258,-0.0402010120451,
58,0.100082121789,-0.0804020240903,
59,0.100082248449,-0.0804020240903,
60,0.100082375109,-0.0402010120451,
61,0.100082501769,-0.0402010120451,
62,0.100082628429,-0.0402010120451,
63,0.100082747638,-0.0804020240903,
64,0.100082874298,-0.0804020240903,
65,0.100083000958,-0.120603039861,
66,0.100083127618,-0.120603039861,
67,0.100083246827,-0.120603039861,
68,0.100083373487,-0.120603039861,
69,0.100083500147,-0.120603039861,
70,0.100083626807,-0.160804048181,
71,0.100083753467,-0.160804048181,
72,0.100083872676,-0.160804048181,
73,0.100083999336,-0.160804048181,
74,0.100084125996,-0.160804048181,
75,0.100084252656,-0.2010050565,
76,0.100084371865,-0.160804048181,
77,0.100084498525,-0.2010050565,
78,0.100084625185,-0.2010050565,
79,0.100084751844,-0.2010050565,
80,0.100084878504,-0.241206079721,
81,0.100084997714,-0.2010050565,
82,0.100085124373,-0.241206079721,
83,0.100085251033,-0.241206079721,
84,0.100085377693,-0.241206079721,
85,0.100085496902,-0.281407088041,
86,0.100085623562,-0.281407088041,
87,0.100085750222,-0.281407088041,
88,0.100085876882,-0.321608096361,
89,0.100086003542,-0.281407088041,
90,0.100086122751,-0.281407088041,
91,0.100086249411,-0.281407088041,
92,0.100086376071,-0.321608096361,
93,0.100086502731,-0.321608096361,
94,0.10008662194,-0.321608096361,
95,0.1000867486,-0.361809104681,
96,0.10008687526,-0.321608096361,
97,0.10008700192,-0.361809104681,
98,0.10008712858,-0.361809104681,
99,0.100087247789,-0.402010113001,
100,0.100087374449,-0.361809104681,
101,0.100087501109,-0.361809104681,
102,0.100087627769,-0.402010113001,
103,0.100087746978,-0.402010113001,
104,0.100087873638,-0.402010113001,
105,0.100088000298,-0.442211121321,
106,0.100088126957,-0.402010113001,
107,0.100088253617,-0.442211121321,
108,0.100088372827,-0.442211121321,
109,0.100088499486,-0.442211121321,
110,0.100088626146,-0.482412159443,
111,0.100088752806,-0.442211121321,
112,0.100088872015,-0.442211121321,
113,0.100088998675,-0.442211121321,
114,0.100089125335,-0.482412159443,
115,0.100089251995,-0.482412159443,
116,0.100089378655,-0.482412159443,
117,0.100089497864,-0.482412159443,
118,0.100089624524,-0.482412159443,
119,0.100089751184,-0.482412159443,
120,0.100089877844,-0.522613167763,
121,0.100089997053,-0.482412159443,
122,0.100090123713,-0.522613167763,
123,0.100090250373,-0.522613167763,
124,0.100090377033,-0.522613167763,
125,0.100090503693,-0.522613167763,
126,0.100090622902,-0.522613167763,
127,0.100090749562,-0.522613167763,
128,0.100090876222,-0.522613167763,
129,0.100091002882,-0.522613167763,
130,0.100091122091,-0.522613167763,
131,0.100091248751,-0.522613167763,
132,0.100091375411,-0.562814176083,
133,0.10009150207,-0.522613167763,
134,0.10009162128,-0.562814176083,
135,0.10009174794,-0.562814176083,
136,0.100091874599,-0.562814176083,
137,0.100092001259,-0.603015184402,
138,0.100092127919,-0.562814176083,
139,0.100092247128,-0.562814176083,
140,0.100092373788,-0.562814176083,
141,0.100092500448,-0.562814176083,
142,0.100092627108,-0.562814176083,
143,0.100092746317,-0.562814176083,
144,0.100092872977,-0.643216192722,
145,0.100092999637,-0.562814176083,
146,0.100093126297,-0.603015184402,
147,0.100093252957,-0.603015184402,
148,0.100093372166,-0.562814176083,
149,0.100093498826,-0.603015184402,
150,0.100093625486,-0.603015184402,
151,0.100093752146,-0.562814176083,
152,0.100093871355,-0.603015184402,
153,0.100093998015,-0.603015184402,
154,0.100094124675,-0.603015184402,
155,0.100094251335,-0.603015184402,
156,0.100094377995,-0.603015184402,
157,0.100094497204,-0.603015184402,
158,0.100094623864,-0.562814176083,
159,0.100094750524,-0.603015184402,
160,0.100094877183,-0.603015184402,
161,0.100094996393,-0.562814176083,
162,0.100095123053,-0.603015184402,
163,0.100095249712,-0.603015184402,
164,0.100095376372,-0.603015184402,
165,0.100095503032,-0.603015184402,
166,0.100095622241,-0.603015184402,
167,0.100095748901,-0.603015184402,
168,0.100095875561,-0.603015184402,
169,0.100096002221,-0.603015184402,
170,0.10009612143,-0.603015184402,
171,0.10009624809,-0.603015184402,
172,0.10009637475,-0.562814176083,
173,0.10009650141,-0.562814176083,
174,0.10009662807,-0.603015184402,
175,0.100096747279,-0.603015184402,
176,0.100096873939,-0.562814176083,
177,0.100097000599,-0.562814176083,
178,0.100097127259,-0.562814176083,
179,0.100097246468,-0.562814176083,
180,0.100097373128,-0.562814176083,
181,0.100097499788,-0.562814176083,
182,0.100097626448,-0.522613167763,
183,0.100097753108,-0.562814176083,
184,0.100097872317,-0.522613167763,
185,0.100097998977,-0.522613167763,
186,0.100098125637,-0.522613167763,
187,0.100098252296,-0.522613167763,
188,0.100098371506,-0.562814176083,
189,0.100098498166,-0.522613167763,
190,0.100098624825,-0.522613167763,
191,0.100098751485,-0.522613167763,
192,0.100098878145,-0.482412159443,
193,0.100098997355,-0.522613167763,
194,0.100099124014,-0.522613167763,
195,0.100099250674,-0.482412159443,
196,0.100099377334,-0.482412159443,
197,0.100099496543,-0.482412159443,
198,0.100099623203,-0.482412159443,
199,0.100099749863,-0.402010113001,
200,0.100099876523,-0.482412159443,
201,0.100100003183,-0.442211121321,
202,0.100100122392,-0.442211121321,
203,0.100100249052,-0.482412159443,
204,0.100100375712,-0.442211121321,
205,0.100100502372,-0.442211121321,
206,0.100100621581,-0.402010113001,
207,0.100100748241,-0.402010113001,
208,0.100100874901,-0.402010113001,
209,0.100101001561,-0.361809104681,
210,0.100101128221,-0.361809104681,
211,0.10010124743,-0.402010113001,
212,0.10010137409,-0.402010113001,
213,0.10010150075,-0.361809104681,
214,0.100101627409,-0.402010113001,
215,0.100101746619,-0.361809104681,
216,0.100101873279,-0.361809104681,
217,0.100101999938,-0.361809104681,
218,0.100102126598,-0.321608096361,
219,0.100102253258,-0.321608096361,
220,0.100102372468,-0.361809104681,
221,0.100102499127,-0.321608096361,
222,0.100102625787,-0.281407088041,
223,0.100102752447,-0.281407088041,
224,0.100102871656,-0.281407088041,
225,0.100102998316,-0.281407088041,
226,0.100103124976,-0.281407088041,
227,0.100103251636,-0.281407088041,
228,0.100103378296,-0.241206079721,
229,0.100103497505,-0.241206079721,
230,0.100103624165,-0.241206079721,
231,0.100103750825,-0.241206079721,
232,0.100103877485,-0.241206079721,
233,0.100103996694,-0.2010050565,
234,0.100104123354,-0.241206079721,
235,0.100104250014,-0.2010050565,
236,0.100104376674,-0.241206079721,
237,0.100104503334,-0.2010050565,
238,0.100104622543,-0.160804048181,
239,0.100104749203,-0.160804048181,
240,0.100104875863,-0.160804048181,
241,0.100105002522,-0.120603039861,
242,0.100105121732,-0.160804048181,
243,0.100105248392,-0.120603039861,
244,0.100105375051,-0.120603039861,
245,0.100105501711,-0.120603039861,
246,0.100105628371,-0.0804020240903,
247,0.100105747581,-0.120603039861,
248,0.10010587424,-0.0804020240903,
249,0.1001060009,-0.120603039861,
250,0.10010612756,-0.0402010120451,
251,0.100106246769,-0.0402010120451,
252,0.100106373429,-0.0402010120451,
253,0.100106500089,-0.0402010120451,
254,0.100106626749,-0.0402010120451,
255,0.100106753409,-0.0402010120451,
256,0.100106872618,-0.0402010120451,
257,0.100106999278,0,
258,0.100107125938,0,
259,0.100107252598,0,
260,0.100107371807,0,
261,0.100107498467,0.0402010120451,
262,0.100107625127,0.0402010120451,
263,0.100107751787,0.0402010120451,
264,0.100107878447,0.0402010120451,
265,0.100107997656,0.0804020240903,
266,0.100108124316,0.120603039861,
267,0.100108250976,0.0804020240903,
268,0.100108377635,0.0804020240903,
269,0.100108496845,0.0804020240903,
270,0.100108623505,0.120603039861,
271,0.100108750165,0.120603039861,
272,0.100108876824,0.120603039861,
273,0.100109003484,0.160804048181,
274,0.100109122694,0.120603039861,
275,0.100109249353,0.160804048181,
276,0.100109376013,0.160804048181,
277,0.100109502673,0.2010050565,
278,0.100109621882,0.160804048181,
279,0.100109748542,0.241206079721,
280,0.100109875202,0.2010050565,
281,0.100110001862,0.2010050565,
282,0.100110128522,0.2010050565,
283,0.100110247731,0.241206079721,
284,0.100110374391,0.241206079721,
285,0.100110501051,0.241206079721,
286,0.100110627711,0.241206079721,
287,0.10011074692,0.241206079721,
288,0.10011087358,0.241206079721,
289,0.10011100024,0.281407088041,
290,0.1001111269,0.281407088041,
291,0.10011125356,0.281407088041,
292,0.100111372769,0.281407088041,
293,0.100111499429,0.321608096361,
294,0.100111626089,0.321608096361,
295,0.100111752748,0.321608096361,
296,0.100111871958,0.361809104681,
297,0.100111998618,0.321608096361,
298,0.100112125278,0.361809104681,
299,0.100112251937,0.361809104681,
300,0.100112378597,0.321608096361,
301,0.100112497807,0.361809104681,
302,0.100112624466,0.361809104681,
303,0.100112751126,0.361809104681,
304,0.100112877786,0.402010113001,
305,0.100112996995,0.402010113001,
306,0.100113123655,0.402010113001,
307,0.100113250315,0.402010113001,
308,0.100113376975,0.402010113001,
309,0.100113503635,0.402010113001,
310,0.100113622844,0.442211121321,
311,0.100113749504,0.442211121321,
312,0.100113876164,0.442211121321,
313,0.100114002824,0.442211121321,
314,0.100114122033,0.442211121321,
315,0.100114248693,0.482412159443,
316,0.100114375353,0.442211121321,
317,0.100114502013,0.482412159443,
318,0.100114628673,0.522613167763,
319,0.100114747882,0.482412159443,
320,0.100114874542,0.522613167763,
321,0.100115001202,0.482412159443,
322,0.100115127861,0.522613167763,
323,0.100115247071,0.522613167763,
324,0.100115373731,0.522613167763,
325,0.100115500391,0.522613167763,
326,0.10011562705,0.522613167763,
327,0.10011575371,0.562814176083,
328,0.10011587292,0.522613167763,
329,0.100115999579,0.522613167763,
330,0.100116126239,0.522613167763,
331,0.100116252899,0.562814176083,
332,0.100116372108,0.522613167763,
333,0.100116498768,0.522613167763,
334,0.100116625428,0.522613167763,
335,0.100116752088,0.522613167763,
336,0.100116871297,0.562814176083,
337,0.100116997957,0.562814176083,
338,0.100117124617,0.562814176083,
339,0.100117251277,0.522613167763,
340,0.100117377937,0.562814176083,
341,0.100117497146,0.562814176083,
342,0.100117623806,0.562814176083,
343,0.100117750466,0.562814176083,
344,0.100117877126,0.562814176083,
345,0.100117996335,0.562814176083,
346,0.100118122995,0.562814176083,
347,0.100118249655,0.562814176083,
348,0.100118376315,0.562814176083,
349,0.100118502975,0.562814176083,
350,0.100118622184,0.603015184402,
351,0.100118748844,0.562814176083,
352,0.100118875504,0.603015184402,
353,0.100119002163,0.603015184402,
354,0.100119121373,0.562814176083,
355,0.100119248033,0.603015184402,
356,0.100119374692,0.562814176083,
357,0.100119501352,0.562814176083,
358,0.100119628012,0.603015184402,
359,0.100119747221,0.562814176083,
360,0.100119873881,0.562814176083,
361,0.100120000541,0.603015184402,
362,0.100120127201,0.562814176083,
363,0.10012024641,0.603015184402,
364,0.10012037307,0.562814176083,
365,0.10012049973,0.562814176083,
366,0.10012062639,0.603015184402,
367,0.10012075305,0.562814176083,
368,0.100120872259,0.562814176083,
369,0.100120998919,0.562814176083,
370,0.100121125579,0.562814176083,
371,0.100121252239,0.562814176083,
372,0.100121371448,0.562814176083,
373,0.100121498108,0.562814176083,
374,0.100121624768,0.562814176083,
375,0.100121751428,0.522613167763,
376,0.100121878088,0.562814176083,
377,0.100121997297,0.562814176083,
378,0.100122123957,0.562814176083,
379,0.100122250617,0.562814176083,
380,0.100122377276,0.522613167763,
381,0.100122496486,0.522613167763,
382,0.100122623146,0.522613167763,
383,0.100122749805,0.522613167763,
384,0.100122876465,0.522613167763,
385,0.100123003125,0.522613167763,
386,0.100123122334,0.482412159443,
387,0.100123248994,0.522613167763,
388,0.100123375654,0.482412159443,
389,0.100123502314,0.522613167763,
390,0.100123621523,0.482412159443,
391,0.100123748183,0.522613167763,
392,0.100123874843,0.522613167763,
393,0.100124001503,0.522613167763,
394,0.100124128163,0.442211121321,
395,0.100124247372,0.482412159443,
396,0.100124374032,0.482412159443,
397,0.100124500692,0.482412159443,
398,0.100124627352,0.482412159443,
399,0.100124746561,0.442211121321,
400,0.100124873221,0.442211121321,
401,0.100124999881,0.482412159443,
402,0.100125126541,0.482412159443,
403,0.100125253201,0.442211121321,
404,0.10012537241,0.442211121321,
405,0.10012549907,0.402010113001,
406,0.10012562573,0.402010113001,
407,0.100125752389,0.402010113001,
408,0.100125871599,0.402010113001,
409,0.100125998259,0.402010113001,
410,0.100126124918,0.361809104681,
411,0.100126251578,0.402010113001,
412,0.100126378238,0.402010113001,
413,0.100126497447,0.361809104681,
414,0.100126624107,0.361809104681,
415,0.100126750767,0.321608096361,
416,0.100126877427,0.361809104681,
417,0.100126996636,0.321608096361,
418,0.100127123296,0.321608096361,
419,0.100127249956,0.321608096361,
420,0.100127376616,0.281407088041,
421,0.100127503276,0.321608096361,
422,0.100127622485,0.241206079721,
423,0.100127749145,0.281407088041,
424,0.100127875805,0.281407088041,
425,0.100128002465,0.281407088041,
426,0.100128121674,0.281407088041,
427,0.100128248334,0.241206079721,
428,0.100128374994,0.241206079721,
429,0.100128501654,0.241206079721,
430,0.100128628314,0.241206079721,
431,0.100128747523,0.2010050565,
432,0.100128874183,0.241206079721,
433,0.100129000843,0.2010050565,
434,0.100129127502,0.2010050565,
435,0.100129246712,0.2010050565,
436,0.100129373372,0.160804048181,
437,0.100129500031,0.160804048181,
438,0.100129626691,0.160804048181,
439,0.100129753351,0.160804048181,
440,0.100129872561,0.120603039861,
441,0.10012999922,0.120603039861,
442,0.10013012588,0.120603039861,
443,0.10013025254,0.120603039861,
444,0.100130371749,0.120603039861,
445,0.100130498409,0.0804020240903,
446,0.100130625069,0.0804020240903,
447,0.100130751729,0.0402010120451,
448,0.100130878389,0.0402010120451,
449,0.100130997598,0.0402010120451,
450,0.100131124258,0.0402010120451,
451,0.100131250918,0.0402010120451,
452,0.100131377578,0.0402010120451,
453,0.100131496787,0,
454,0.100131623447,0,
455,0.100131750107,0,
456,0.100131876767,0,
457,0.100132003427,-0.0402010120451,
458,0.100132122636,0,
459,0.100132249296,-0.0402010120451,
460,0.100132375956,-0.0402010120451,
461,0.100132502615,-0.0804020240903,
462,0.100132621825,-0.0402010120451,
463,0.100132748485,-0.0804020240903,
464,0.100132875144,-0.0804020240903,
465,0.100133001804,-0.0804020240903,
466,0.100133128464,-0.120603039861,
467,0.100133247674,-0.0804020240903,
468,0.100133374333,-0.120603039861,
469,0.100133500993,-0.120603039861,
470,0.100133627653,-0.120603039861,
471,0.100133746862,-0.120603039861,
472,0.100133873522,-0.160804048181,
473,0.100134000182,-0.160804048181,
474,0.100134126842,-0.2010050565,
475,0.100134253502,-0.2010050565,
476,0.100134372711,-0.160804048181,
477,0.100134499371,-0.2010050565,
478,0.100134626031,-0.2010050565,
479,0.100134752691,-0.2010050565,
480,0.1001348719,-0.2010050565,
481,0.10013499856,-0.2010050565,
482,0.10013512522,-0.241206079721,
483,0.10013525188,-0.241206079721,
484,0.10013537854,-0.281407088041,
485,0.100135497749,-0.241206079721,
486,0.100135624409,-0.241206079721,
487,0.100135751069,-0.281407088041,
488,0.100135877728,-0.281407088041,
489,0.100135996938,-0.281407088041,
490,0.100136123598,-0.321608096361,
491,0.100136250257,-0.281407088041,
492,0.100136376917,-0.281407088041,
493,0.100136503577,-0.321608096361,
494,0.100136622787,-0.361809104681,
495,0.100136749446,-0.361809104681,
496,0.100136876106,-0.361809104681,
497,0.100137002766,-0.361809104681,
498,0.100137121975,-0.361809104681,
499,0.100137248635,-0.402010113001,
500,0.100137375295,-0.402010113001,
501,0.100137501955,-0.361809104681,
502,0.100137628615,-0.402010113001,
503,0.100137747824,-0.402010113001,
504,0.100137874484,-0.402010113001,
505,0.100138001144,-0.402010113001,
506,0.100138127804,-0.402010113001,
507,0.100138247013,-0.442211121321,
508,0.100138373673,-0.442211121321,
509,0.100138500333,-0.442211121321,
510,0.100138626993,-0.442211121321,
511,0.100138753653,-0.442211121321,
512,0.100138872862,-0.442211121321,
513,0.100138999522,-0.482412159443,
514,0.100139126182,-0.442211121321,
515,0.100139252841,-0.482412159443,
516,0.100139372051,-0.522613167763,
517,0.100139498711,-0.522613167763,
518,0.100139625371,-0.482412159443,
519,0.10013975203,-0.482412159443,
520,0.10013987869,-0.482412159443,
521,0.1001399979,-0.522613167763,
522,0.100140124559,-0.522613167763,
523,0.100140251219,-0.522613167763,
524,0.100140377879,-0.522613167763,
525,0.100140497088,-0.522613167763,
526,0.100140623748,-0.562814176083,
527,0.100140750408,-0.522613167763,
528,0.100140877068,-0.522613167763,
529,0.100140996277,-0.522613167763,
530,0.100141122937,-0.522613167763,
531,0.100141249597,-0.562814176083,
532,0.100141376257,-0.522613167763,
533,0.100141502917,-0.562814176083,
534,0.100141622126,-0.562814176083,
535,0.100141748786,-0.562814176083,
536,0.100141875446,-0.562814176083,
537,0.100142002106,-0.562814176083,
538,0.100142121315,-0.603015184402,
539,0.100142247975,-0.562814176083,
540,0.100142374635,-0.562814176083,
541,0.100142501295,-0.562814176083,
542,0.100142627954,-0.522613167763,
543,0.100142747164,-0.562814176083,
544,0.100142873824,-0.603015184402,
545,0.100143000484,-0.603015184402,
546,0.100143127143,-0.603015184402,
547,0.100143246353,-0.603015184402,
548,0.100143373013,-0.603015184402,
549,0.100143499672,-0.603015184402,
550,0.100143626332,-0.603015184402,
551,0.100143752992,-0.603015184402,
552,0.100143872201,-0.603015184402,
553,0.100143998861,-0.603015184402,
554,0.100144125521,-0.603015184402,
555,0.100144252181,-0.603015184402,
556,0.10014437139,-0.603015184402,
557,0.10014449805,-0.603015184402,
558,0.10014462471,-0.643216192722,
559,0.10014475137,-0.562814176083,
560,0.10014487803,-0.603015184402,
561,0.100144997239,-0.643216192722,
562,0.100145123899,-0.603015184402,
563,0.100145250559,-0.603015184402,
564,0.100145377219,-0.603015184402,
565,0.100145496428,-0.603015184402,
566,0.100145623088,-0.603015184402,
567,0.100145749748,-0.562814176083,
568,0.100145876408,-0.603015184402,
569,0.100146003067,-0.603015184402,
570,0.100146122277,-0.603015184402,
571,0.100146248937,-0.603015184402,
572,0.100146375597,-0.603015184402,
573,0.100146502256,-0.603015184402,
574,0.100146621466,-0.562814176083,
575,0.100146748126,-0.562814176083,
576,0.100146874785,-0.562814176083,
577,0.100147001445,-0.562814176083,
578,0.100147128105,-0.562814176083,
579,0.100147247314,-0.562814176083,
580,0.100147373974,-0.562814176083,
581,0.100147500634,-0.562814176083,
582,0.100147627294,-0.522613167763,
583,0.100147746503,-0.522613167763,
584,0.100147873163,-0.522613167763,
585,0.100147999823,-0.562814176083,
586,0.100148126483,-0.522613167763,
587,0.100148253143,-0.522613167763,
588,0.100148372352,-0.562814176083,
589,0.100148499012,-0.522613167763,
590,0.100148625672,-0.482412159443,
591,0.100148752332,-0.482412159443,
592,0.100148871541,-0.482412159443,
593,0.100148998201,-0.482412159443,
594,0.100149124861,-0.522613167763,
595,0.100149251521,-0.482412159443,
596,0.100149378181,-0.482412159443,
597,0.10014949739,-0.522613167763,
598,0.10014962405,-0.442211121321,
599,0.10014975071,-0.402010113001,
600,0.100149877369,-0.442211121321,
601,0.100149996579,-0.442211121321,
602,0.100150123239,-0.482412159443,
603,0.100150249898,-0.442211121321,
604,0.100150376558,-0.482412159443,
605,0.100150503218,-0.442211121321,
606,0.100150622427,-0.442211121321,
607,0.100150749087,-0.402010113001,
608,0.100150875747,-0.361809104681,
609,0.100151002407,-0.402010113001,
610,0.100151121616,-0.402010113001,
611,0.100151248276,-0.402010113001,
612,0.100151374936,-0.361809104681,
613,0.100151501596,-0.402010113001,
614,0.100151628256,-0.361809104681,
615,0.100151747465,-0.402010113001,
616,0.100151874125,-0.321608096361,
617,0.100152000785,-0.321608096361,
618,0.100152127445,-0.361809104681,
619,0.100152246654,-0.361809104681,
620,0.100152373314,-0.321608096361,
621,0.100152499974,-0.321608096361,
622,0.100152626634,-0.321608096361,
623,0.100152753294,-0.281407088041,
624,0.100152872503,-0.281407088041,
625,0.100152999163,-0.321608096361,
626,0.100153125823,-0.321608096361,
627,0.100153252482,-0.241206079721,
628,0.100153371692,-0.281407088041,
629,0.100153498352,-0.281407088041,
630,0.100153625011,-0.2010050565,
631,0.100153751671,-0.241206079721,
632,0.100153878331,-0.2010050565,
633,0.10015399754,-0.2010050565,
634,0.1001541242,-0.2010050565,
635,0.10015425086,-0.241206079721,
636,0.10015437752,-0.2010050565,
637,0.100154496729,-0.160804048181,
638,0.100154623389,-0.2010050565,
639,0.100154750049,-0.160804048181,
640,0.100154876709,-0.120603039861,
641,0.100155003369,-0.160804048181,
642,0.100155122578,-0.120603039861,
643,0.100155249238,-0.120603039861,
644,0.100155375898,-0.0804020240903,
645,0.100155502558,-0.0804020240903,
646,0.100155621767,-0.120603039861,
647,0.100155748427,-0.120603039861,
648,0.100155875087,-0.0804020240903,
649,0.100156001747,-0.0804020240903,
650,0.100156128407,-0.0804020240903,
651,0.100156247616,-0.0804020240903,
652,0.100156374276,-0.0402010120451,
653,0.100156500936,-0.0402010120451,
654,0.100156627595,-0.0402010120451,
655,0.100156746805,-0.0402010120451,
656,0.100156873465,0,
657,0.100157000124,0,
658,0.100157126784,0,
659,0.100157253444,0.0402010120451,
660,0.100157372653,0.0402010120451,
661,0.100157499313,0.0402010120451,
662,0.100157625973,0.0402010120451,
663,0.100157752633,0.0402010120451,
664,0.100157871842,0.0804020240903,
665,0.100157998502,0.0804020240903,
666,0.100158125162,0.0804020240903,
667,0.100158251822,0.120603039861,
668,0.100158378482,0.120603039861,
669,0.100158497691,0.120603039861,
670,0.100158624351,0.120603039861,
671,0.100158751011,0.120603039861,
672,0.100158877671,0.0804020240903,
673,0.10015899688,0.160804048181,
674,0.10015912354,0.160804048181,
675,0.1001592502,0.160804048181,
676,0.10015937686,0.160804048181,
677,0.10015950352,0.160804048181,
678,0.100159622729,0.160804048181,
679,0.100159749389,0.160804048181,
680,0.100159876049,0.2010050565,
681,0.100160002708,0.241206079721,
682,0.100160121918,0.2010050565,
683,0.100160248578,0.241206079721,
684,0.100160375237,0.241206079721,
685,0.100160501897,0.241206079721,
686,0.100160628557,0.241206079721,
687,0.100160747766,0.281407088041,
688,0.100160874426,0.241206079721,
689,0.100161001086,0.281407088041,
690,0.100161127746,0.281407088041,
691,0.100161246955,0.321608096361,
692,0.100161373615,0.281407088041,
693,0.100161500275,0.281407088041,
694,0.100161626935,0.281407088041,
695,0.100161753595,0.321608096361,
696,0.100161872804,0.361809104681,
697,0.100161999464,0.361809104681,
698,0.100162126124,0.361809104681,
699,0.100162252784,0.361809104681,
700,0.100162371993,0.361809104681,
701,0.100162498653,0.361809104681,
702,0.100162625313,0.361809104681,
703,0.100162751973,0.361809104681,
704,0.100162878633,0.402010113001,
705,0.100162997842,0.402010113001,
706,0.100163124502,0.361809104681,
707,0.100163251162,0.402010113001,
708,0.100163377821,0.442211121321,
709,0.100163497031,0.442211121321,
710,0.100163623691,0.482412159443,
711,0.10016375035,0.442211121321,
712,0.10016387701,0.442211121321,
713,0.10016400367,0.442211121321,
714,0.10016412288,0.442211121321,
715,0.100164249539,0.442211121321,
716,0.100164376199,0.442211121321,
717,0.100164502859,0.482412159443,
718,0.100164622068,0.482412159443,
719,0.100164748728,0.482412159443,
720,0.100164875388,0.482412159443,
721,0.100165002048,0.482412159443,
722,0.100165128708,0.482412159443,
723,0.100165247917,0.482412159443,
724,0.100165374577,0.482412159443,
725,0.100165501237,0.482412159443,
726,0.100165627897,0.522613167763,
727,0.100165747106,0.522613167763,
728,0.100165873766,0.522613167763,
729,0.100166000426,0.522613167763,
730,0.100166127086,0.522613167763,
731,0.100166246295,0.522613167763,
732,0.100166372955,0.562814176083,
733,0.100166499615,0.562814176083,
734,0.100166626275,0.562814176083,
735,0.100166752934,0.562814176083,
736,0.100166872144,0.562814176083,
737,0.100166998804,0.562814176083,
738,0.100167125463,0.522613167763,
739,0.100167252123,0.562814176083,
740,0.100167371333,0.562814176083,
741,0.100167497993,0.522613167763,
742,0.100167624652,0.562814176083,
743,0.100167751312,0.562814176083,
744,0.100167877972,0.522613167763,
745,0.100167997181,0.603015184402,
746,0.100168123841,0.562814176083,
747,0.100168250501,0.603015184402,
748,0.100168377161,0.562814176083,
749,0.10016849637,0.562814176083,
750,0.10016862303,0.562814176083,
751,0.10016874969,0.603015184402,
752,0.10016887635,0.562814176083,
753,0.10016900301,0.562814176083,
754,0.100169122219,0.562814176083,
755,0.100169248879,0.603015184402,
756,0.100169375539,0.603015184402,
757,0.100169502199,0.562814176083,
758,0.100169621408,0.562814176083,
759,0.100169748068,0.603015184402,
760,0.100169874728,0.562814176083,
761,0.100170001388,0.562814176083,
762,0.100170128047,0.603015184402,
763,0.100170247257,0.562814176083,
764,0.100170373917,0.603015184402,
765,0.100170500576,0.603015184402,
766,0.100170627236,0.562814176083,
767,0.100170746446,0.562814176083,
768,0.100170873106,0.603015184402,
769,0.100170999765,0.603015184402,
770,0.100171126425,0.562814176083,
771,0.100171253085,0.562814176083,
772,0.100171372294,0.522613167763,
773,0.100171498954,0.562814176083,
774,0.100171625614,0.562814176083,
775,0.100171752274,0.562814176083,
776,0.100171871483,0.562814176083,
777,0.100171998143,0.562814176083,
778,0.100172124803,0.562814176083,
779,0.100172251463,0.522613167763,
780,0.100172378123,0.522613167763,
781,0.100172497332,0.522613167763,
782,0.100172623992,0.522613167763,
783,0.100172750652,0.522613167763,
784,0.100172877312,0.522613167763,
785,0.100172996521,0.522613167763,
786,0.100173123181,0.522613167763,
787,0.100173249841,0.522613167763,
788,0.100173376501,0.482412159443,
789,0.10017350316,0.522613167763,
790,0.10017362237,0.482412159443,
791,0.10017374903,0.482412159443,
792,0.10017387569,0.522613167763,
793,0.100174002349,0.482412159443,
794,0.100174121559,0.482412159443,
795,0.100174248219,0.482412159443,
796,0.100174374878,0.482412159443,
797,0.100174501538,0.482412159443,
798,0.100174628198,0.442211121321,
799,0.100174747407,0.482412159443,
800,0.100174874067,0.442211121321,
801,0.100175000727,0.402010113001,
802,0.100175127387,0.442211121321,
803,0.100175246596,0.442211121321,
804,0.100175373256,0.402010113001,
805,0.100175499916,0.442211121321,
806,0.100175626576,0.402010113001,
807,0.100175753236,0.442211121321,
808,0.100175872445,0.402010113001,
809,0.100175999105,0.402010113001,
810,0.100176125765,0.361809104681,
811,0.100176252425,0.361809104681,
812,0.100176371634,0.361809104681,
813,0.100176498294,0.361809104681,
814,0.100176624954,0.361809104681,
815,0.100176751614,0.361809104681,
816,0.100176878273,0.361809104681,
817,0.100176997483,0.321608096361,
818,0.100177124143,0.321608096361,
819,0.100177250803,0.321608096361,
820,0.100177377462,0.321608096361,
821,0.100177496672,0.321608096361,
822,0.100177623332,0.281407088041,
823,0.100177749991,0.241206079721,
824,0.100177876651,0.241206079721,
825,0.100178003311,0.241206079721,
826,0.10017812252,0.281407088041,
827,0.10017824918,0.241206079721,
828,0.10017837584,0.241206079721,
829,0.1001785025,0.2010050565,
830,0.100178621709,0.241206079721,
831,0.100178748369,0.2010050565,
832,0.100178875029,0.2010050565,
833,0.100179001689,0.2010050565,
834,0.100179128349,0.2010050565,
835,0.100179247558,0.160804048181,
836,0.100179374218,0.2010050565,
837,0.100179500878,0.160804048181,
838,0.100179627538,0.160804048181,
839,0.100179746747,0.120603039861,
840,0.100179873407,0.0804020240903,
841,0.100180000067,0.120603039861,
842,0.100180126727,0.0804020240903,
843,0.100180253386,0.0804020240903,
844,0.100180372596,0.120603039861,
845,0.100180499256,0.120603039861,
846,0.100180625916,0.0804020240903,
847,0.100180752575,0.0402010120451,
848,0.100180871785,0.0804020240903,
849,0.100180998445,0.0804020240903,
850,0.100181125104,0.0402010120451,
851,0.100181251764,0.0402010120451,
852,0.100181378424,0.0402010120451,
853,0.100181497633,0.0402010120451,
854,0.100181624293,0.0402010120451,
855,0.100181750953,0.0402010120451,
856,0.100181877613,-0.0402010120451,
857,0.100181996822,-0.0402010120451,
858,0.100182123482,-0.0402010120451,
859,0.100182250142,-0.0402010120451,
860,0.100182376802,-0.0402010120451,
861,0.100182503462,-0.0804020240903,
862,0.100182622671,-0.0402010120451,
863,0.100182749331,-0.0804020240903,
864,0.100182875991,-0.0804020240903,
865,0.100183002651,-0.0804020240903,
866,0.10018312186,-0.120603039861,
867,0.10018324852,-0.120603039861,
868,0.10018337518,-0.120603039861,
869,0.10018350184,-0.120603039861,
870,0.1001836285,-0.120603039861,
871,0.100183747709,-0.120603039861,
872,0.100183874369,-0.160804048181,
873,0.100184001029,-0.160804048181,
874,0.100184127688,-0.2010050565,
875,0.100184246898,-0.160804048181,
876,0.100184373558,-0.2010050565,
877,0.100184500217,-0.2010050565,
878,0.100184626877,-0.241206079721,
879,0.100184753537,-0.241206079721,
880,0.100184872746,-0.241206079721,
881,0.100184999406,-0.241206079721,
882,0.100185126066,-0.241206079721,
883,0.100185252726,-0.241206079721,
884,0.100185371935,-0.241206079721,
885,0.100185498595,-0.241206079721,
886,0.100185625255,-0.281407088041,
887,0.100185751915,-0.281407088041,
888,0.100185878575,-0.281407088041,
889,0.100185997784,-0.321608096361,
890,0.100186124444,-0.321608096361,
891,0.100186251104,-0.321608096361,
892,0.100186377764,-0.321608096361,
893,0.100186496973,-0.321608096361,
894,0.100186623633,-0.321608096361,
895,0.100186750293,-0.361809104681,
896,0.100186876953,-0.361809104681,
897,0.100187003613,-0.321608096361,
898,0.100187122822,-0.361809104681,
899,0.100187249482,-0.361809104681,
900,0.100187376142,-0.402010113001,
901,0.100187502801,-0.402010113001,
902,0.100187622011,-0.402010113001,
903,0.100187748671,-0.402010113001,
904,0.10018787533,-0.402010113001,
905,0.10018800199,-0.442211121321,
906,0.10018812865,-0.402010113001,
907,0.100188247859,-0.442211121321,
908,0.100188374519,-0.442211121321,
909,0.100188501179,-0.482412159443,
910,0.100188627839,-0.442211121321,
911,0.100188747048,-0.482412159443,
912,0.100188873708,-0.482412159443,
913,0.100189000368,-0.442211121321,
914,0.100189127028,-0.482412159443,
915,0.100189253688,-0.482412159443,
916,0.100189372897,-0.442211121321,
917,0.100189499557,-0.482412159443,
918,0.100189626217,-0.482412159443,
919,0.100189752877,-0.522613167763,
920,0.100189872086,-0.522613167763,
921,0.100189998746,-0.522613167763,
922,0.100190125406,-0.482412159443,
923,0.100190252066,-0.522613167763,
924,0.100190371275,-0.522613167763,
925,0.100190497935,-0.522613167763,
926,0.100190624595,-0.522613167763,
927,0.100190751255,-0.522613167763,
928,0.100190877914,-0.522613167763,
929,0.100190997124,-0.522613167763,
930,0.100191123784,-0.522613167763,
931,0.100191250443,-0.522613167763,
932,0.100191377103,-0.522613167763,
933,0.100191496313,-0.522613167763,
934,0.100191622972,-0.562814176083,
935,0.100191749632,-0.562814176083,
936,0.100191876292,-0.603015184402,
937,0.100192002952,-0.562814176083,
938,0.100192122161,-0.562814176083,
939,0.100192248821,-0.562814176083,
940,0.100192375481,-0.603015184402,
941,0.100192502141,-0.562814176083,
942,0.10019262135,-0.562814176083,
943,0.10019274801,-0.603015184402,
944,0.10019287467,-0.562814176083,
945,0.10019300133,-0.603015184402,
946,0.10019312799,-0.603015184402,
947,0.100193247199,-0.603015184402,
948,0.100193373859,-0.603015184402,
949,0.100193500519,-0.562814176083,
950,0.100193627179,-0.562814176083,
951,0.100193746388,-0.603015184402,
952,0.100193873048,-0.603015184402,
953,0.100193999708,-0.603015184402,
954,0.100194126368,-0.603015184402,
955,0.100194253027,-0.562814176083,
956,0.100194372237,-0.603015184402,
957,0.100194498897,-0.603015184402,
958,0.100194625556,-0.603015184402,
959,0.100194752216,-0.643216192722,
960,0.100194871426,-0.643216192722,
961,0.100194998085,-0.603015184402,
962,0.100195124745,-0.603015184402,
963,0.100195251405,-0.603015184402,
964,0.100195378065,-0.603015184402,
965,0.100195497274,-0.603015184402,
966,0.100195623934,-0.562814176083,
967,0.100195750594,-0.603015184402,
968,0.100195877254,-0.603015184402,
969,0.100195996463,-0.562814176083,
970,0.100196123123,-0.603015184402,
971,0.100196249783,-0.562814176083,
972,0.100196376443,-0.562814176083,
973,0.100196503103,-0.603015184402,
974,0.100196622312,-0.522613167763,
975,0.100196748972,-0.603015184402,
976,0.100196875632,-0.562814176083,
977,0.100197002292,-0.562814176083,
978,0.100197121501,-0.562814176083,
979,0.100197248161,-0.562814176083,
980,0.100197374821,-0.603015184402,
981,0.100197501481,-0.522613167763,
982,0.10019762814,-0.562814176083,
983,0.10019774735,-0.522613167763,
984,0.10019787401,-0.522613167763,
985,0.100198000669,-0.522613167763,
986,0.100198127329,-0.522613167763,
987,0.100198246539,-0.482412159443,
988,0.100198373199,-0.562814176083,
989,0.100198499858,-0.522613167763,
990,0.100198626518,-0.522613167763,
991,0.100198753178,-0.522613167763,
992,0.100198872387,-0.482412159443,
993,0.100198999047,-0.522613167763,
994,0.100199125707,-0.522613167763,
995,0.100199252367,-0.482412159443,
996,0.100199371576,-0.482412159443,
997,0.100199498236,-0.482412159443,
998,0.100199624896,-0.482412159443,
999,0.100199751556,-0.482412159443,
1000,0.100199878216,-0.482412159443,
1001,0.100199997425,-0.442211121321,
1002,0.100200124085,-0.442211121321,
1003,0.100200250745,-0.442211121321,
1004,0.100200377405,-0.442211121321,
1005,0.100200496614,-0.442211121321,
1006,0.100200623274,-0.402010113001,
1007,0.100200749934,-0.442211121321,
1008,0.100200876594,-0.442211121321,
1009,0.100201003253,-0.402010113001,
1010,0.100201122463,-0.442211121321,
1011,0.100201249123,-0.402010113001,
1012,0.100201375782,-0.402010113001,
1013,0.100201502442,-0.402010113001,
1014,0.100201621652,-0.361809104681,
1015,0.100201748312,-0.361809104681,
1016,0.100201874971,-0.361809104681,
1017,0.100202001631,-0.361809104681,
1018,0.100202128291,-0.361809104681,
1019,0.1002022475,-0.361809104681,
1020,0.10020237416,-0.321608096361,
1021,0.10020250082,-0.321608096361,
1022,0.10020262748,-0.321608096361,
1023,0.100202746689,-0.281407088041,
1024,0.100202873349,-0.321608096361,
1025,0.100203000009,-0.281407088041,
1026,0.100203126669,-0.281407088041,
1027,0.100203253329,-0.241206079721,
1028,0.100203372538,-0.281407088041,
1029,0.100203499198,-0.2010050565,
1030,0.100203625858,-0.241206079721,
1031,0.100203752518,-0.241206079721,
1032,0.100203871727,-0.2010050565,
1033,0.100203998387,-0.241206079721,
1034,0.100204125047,-0.2010050565,
1035,0.100204251707,-0.2010050565,
1036,0.100204378366,-0.2010050565,
1037,0.100204497576,-0.2010050565,
1038,0.100204624236,-0.160804048181,
1039,0.100204750896,-0.160804048181,
1040,0.100204877555,-0.160804048181,
1041,0.100204996765,-0.160804048181,
1042,0.100205123425,-0.160804048181,
1043,0.100205250084,-0.120603039861,
1044,0.100205376744,-0.160804048181,
1045,0.100205503404,-0.120603039861,
1046,0.100205622613,-0.120603039861,
1047,0.100205749273,-0.0804020240903,
1048,0.100205875933,-0.120603039861,
1049,0.100206002593,-0.0804020240903,
1050,0.100206121802,-0.0804020240903,
1051,0.100206248462,-0.0804020240903,
1052,0.100206375122,-0.0804020240903,
1053,0.100206501782,-0.0402010120451,
1054,0.100206628442,-0.0402010120451,
1055,0.100206747651,-0.0402010120451,
1056,0.100206874311,-0.0402010120451,
1057,0.100207000971,0,
1058,0.100207127631,0,
1059,0.10020724684,0,
1060,0.1002073735,0.0402010120451,
1061,0.10020750016,0,
1062,0.10020762682,0.0402010120451,
1063,0.100207753479,0.0402010120451,
1064,0.100207872689,0.0804020240903,
1065,0.100207999349,0.0804020240903,
1066,0.100208126009,0.0804020240903,
1067,0.100208252668,0.120603039861,
1068,0.100208371878,0.120603039861,
1069,0.100208498538,0.120603039861,
1070,0.100208625197,0.120603039861,
1071,0.100208751857,0.120603039861,
1072,0.100208878517,0.120603039861,
1073,0.100208997726,0.160804048181,
1074,0.100209124386,0.160804048181,
1075,0.100209251046,0.160804048181,
1076,0.100209377706,0.120603039861,
1077,0.100209496915,0.160804048181,
1078,0.100209623575,0.160804048181,
1079,0.100209750235,0.2010050565,
1080,0.100209876895,0.2010050565,
1081,0.100210003555,0.2010050565,
1082,0.100210122764,0.2010050565,
1083,0.100210249424,0.241206079721,
1084,0.100210376084,0.241206079721,
1085,0.100210502744,0.241206079721,
1086,0.100210621953,0.241206079721,
1087,0.100210748613,0.281407088041,
1088,0.100210875273,0.241206079721,
1089,0.100211001933,0.281407088041,
1090,0.100211128592,0.281407088041,
1091,0.100211247802,0.281407088041,
1092,0.100211374462,0.321608096361,
1093,0.100211501122,0.321608096361,
1094,0.100211627781,0.321608096361,
1095,0.100211746991,0.321608096361,
1096,0.100211873651,0.321608096361,
1097,0.10021200031,0.361809104681,
1098,0.10021212697,0.321608096361,
1099,0.10021225363,0.321608096361,
1100,0.100212372839,0.361809104681,
1101,0.100212499499,0.361809104681,
1102,0.100212626159,0.402010113001,
1103,0.100212752819,0.402010113001,
1104,0.100212872028,0.402010113001,
1105,0.100212998688,0.402010113001,
1106,0.100213125348,0.402010113001,
1107,0.100213252008,0.442211121321,
1108,0.100213378668,0.402010113001,
1109,0.100213497877,0.442211121321,
1110,0.100213624537,0.442211121321,
1111,0.100213751197,0.442211121321,
1112,0.100213877857,0.402010113001,
1113,0.100213997066,0.482412159443,
1114,0.100214123726,0.402010113001,
1115,0.100214250386,0.482412159443,
1116,0.100214377046,0.482412159443,
1117,0.100214503706,0.482412159443,
1118,0.100214622915,0.482412159443,
1119,0.100214749575,0.482412159443,
1120,0.100214876235,0.522613167763,
1121,0.100215002894,0.482412159443,
1122,0.100215122104,0.482412159443,
1123,0.100215248764,0.522613167763,
1124,0.100215375423,0.482412159443,
1125,0.100215502083,0.482412159443,
1126,0.100215621293,0.522613167763,
1127,0.100215747952,0.522613167763,
1128,0.100215874612,0.522613167763,
1129,0.100216001272,0.522613167763,
1130,0.100216127932,0.562814176083,
1131,0.100216247141,0.522613167763,
1132,0.100216373801,0.562814176083,
1133,0.100216500461,0.522613167763,
1134,0.100216627121,0.562814176083,
1135,0.10021674633,0.562814176083,
1136,0.10021687299,0.562814176083,
1137,0.10021699965,0.562814176083,
1138,0.10021712631,0.562814176083,
1139,0.10021725297,0.562814176083,
1140,0.100217372179,0.562814176083,
1141,0.100217498839,0.562814176083,
1142,0.100217625499,0.562814176083,
1143,0.100217752159,0.603015184402,
1144,0.100217871368,0.562814176083,
1145,0.100217998028,0.562814176083,
1146,0.100218124688,0.603015184402,
1147,0.100218251348,0.603015184402,
1148,0.100218378007,0.603015184402,
1149,0.100218497217,0.603015184402,
1150,0.100218623877,0.562814176083,
1151,0.100218750536,0.603015184402,
1152,0.100218877196,0.562814176083,
1153,0.100218996406,0.562814176083,
1154,0.100219123065,0.562814176083,
1155,0.100219249725,0.603015184402,
1156,0.100219376385,0.562814176083,
1157,0.100219503045,0.562814176083,
1158,0.100219622254,0.603015184402,
1159,0.100219748914,0.562814176083,
1160,0.100219875574,0.562814176083,
1161,0.100220002234,0.562814176083,
1162,0.100220121443,0.562814176083,
1163,0.100220248103,0.562814176083,
1164,0.100220374763,0.562814176083,
1165,0.100220501423,0.562814176083,
1166,0.100220628083,0.603015184402,
1167,0.100220747292,0.562814176083,
1168,0.100220873952,0.562814176083,
1169,0.100221000612,0.562814176083,
1170,0.100221127272,0.562814176083,
1171,0.100221246481,0.562814176083,
1172,0.100221373141,0.562814176083,
1173,0.100221499801,0.522613167763,
1174,0.100221626461,0.562814176083,
1175,0.10022175312,0.562814176083,
1176,0.10022187233,0.562814176083,
1177,0.10022199899,0.562814176083,
1178,0.100222125649,0.562814176083,
1179,0.100222252309,0.562814176083,
1180,0.100222371519,0.522613167763,
1181,0.100222498178,0.562814176083,
1182,0.100222624838,0.522613167763,
1183,0.100222751498,0.562814176083,
1184,0.100222878158,0.522613167763,
1185,0.100222997367,0.522613167763,
1186,0.100223124027,0.522613167763,
1187,0.100223250687,0.482412159443,
1188,0.100223377347,0.522613167763,
1189,0.100223496556,0.522613167763,
1190,0.100223623216,0.442211121321,
1191,0.100223749876,0.522613167763,
1192,0.100223876536,0.482412159443,
1193,0.100224003196,0.482412159443,
1194,0.100224122405,0.482412159443,
1195,0.100224249065,0.442211121321,
1196,0.100224375725,0.442211121321,
1197,0.100224502385,0.442211121321,
1198,0.100224621594,0.482412159443,
1199,0.100224748254,0.442211121321,
1200,0.100224874914,0.482412159443,
1201,0.100225001574,0.442211121321,
1202,0.100225128233,0.442211121321,
1203,0.100225247443,0.442211121321,
1204,0.100225374103,0.442211121321,
1205,0.100225500762,0.442211121321,
1206,0.100225627422,0.402010113001,
1207,0.100225746632,0.361809104681,
1208,0.100225873291,0.402010113001,
1209,0.100225999951,0.361809104681,
1210,0.100226126611,0.361809104681,
1211,0.100226253271,0.402010113001,
1212,0.10022637248,0.361809104681,
1213,0.10022649914,0.361809104681,
1214,0.1002266258,0.361809104681,
1215,0.10022675246,0.321608096361,
1216,0.100226871669,0.361809104681,
1217,0.100226998329,0.321608096361,
1218,0.100227124989,0.321608096361,
1219,0.100227251649,0.321608096361,
1220,0.100227378309,0.321608096361,
1221,0.100227497518,0.241206079721,
1222,0.100227624178,0.321608096361,
1223,0.100227750838,0.281407088041,
1224,0.100227877498,0.241206079721,
1225,0.100227996707,0.281407088041,
1226,0.100228123367,0.281407088041,
1227,0.100228250027,0.241206079721,
1228,0.100228376687,0.241206079721,
1229,0.100228503346,0.241206079721,
1230,0.100228622556,0.241206079721,
1231,0.100228749216,0.2010050565,
1232,0.100228875875,0.2010050565,
1233,0.100229002535,0.2010050565,
1234,0.100229121745,0.2010050565,
1235,0.100229248405,0.2010050565,
1236,0.100229375064,0.160804048181,
1237,0.100229501724,0.160804048181,
1238,0.100229628384,0.120603039861,
1239,0.100229747593,0.160804048181,
1240,0.100229874253,0.120603039861,
1241,0.100230000913,0.160804048181,
1242,0.100230127573,0.120603039861,
1243,0.100230246782,0.120603039861,
1244,0.100230373442,0.0804020240903,
1245,0.100230500102,0.0804020240903,
1246,0.100230626762,0.0804020240903,
1247,0.100230753422,0.0804020240903,
1248,0.100230872631,0.0804020240903,
1249,0.100230999291,0.0804020240903,
1250,0.100231125951,0.0402010120451,
1251,0.100231252611,0,
1252,0.10023137182,0,
1253,0.10023149848,0.0402010120451,
1254,0.10023162514,0,
1255,0.1002317518,-0.0402010120451,
1256,0.100231878459,-0.0402010120451,
1257,0.100231997669,-0.0402010120451,
1258,0.100232124329,-0.0402010120451,
1259,0.100232250988,-0.0402010120451,
1260,0.100232377648,-0.0402010120451,
1261,0.100232496858,-0.0804020240903,
1262,0.100232623518,-0.0402010120451,
1263,0.100232750177,-0.0804020240903,
1264,0.100232876837,-0.0402010120451,
1265,0.100233003497,-0.0804020240903,
1266,0.100233122706,-0.120603039861,
1267,0.100233249366,-0.0804020240903,
1268,0.100233376026,-0.120603039861,
1269,0.100233502686,-0.120603039861,
1270,0.100233621895,-0.160804048181,
1271,0.100233748555,-0.120603039861,
1272,0.100233875215,-0.120603039861,
1273,0.100234001875,-0.160804048181,
1274,0.100234128535,-0.2010050565,
1275,0.100234247744,-0.160804048181,
1276,0.100234374404,-0.2010050565,
1277,0.100234501064,-0.2010050565,
1278,0.100234627724,-0.2010050565,
1279,0.100234746933,-0.2010050565,
1280,0.100234873593,-0.241206079721,
1281,0.100235000253,-0.2010050565,
1282,0.100235126913,-0.241206079721,
1283,0.100235253572,-0.241206079721,
1284,0.100235372782,-0.241206079721,
1285,0.100235499442,-0.241206079721,
1286,0.100235626101,-0.241206079721,
1287,0.100235752761,-0.281407088041,
1288,0.100235871971,-0.281407088041,
1289,0.100235998631,-0.321608096361,
1290,0.10023612529,-0.321608096361,
1291,0.10023625195,-0.321608096361,
1292,0.10023637861,-0.361809104681,
1293,0.100236497819,-0.361809104681,
1294,0.100236624479,-0.321608096361,
1295,0.100236751139,-0.321608096361,
1296,0.100236877799,-0.361809104681,
1297,0.100236997008,-0.361809104681,
1298,0.100237123668,-0.361809104681,
1299,0.100237250328,-0.361809104681,
1300,0.100237376988,-0.402010113001,
1301,0.100237503648,-0.402010113001,
1302,0.100237622857,-0.402010113001,
1303,0.100237749517,-0.402010113001,
1304,0.100237876177,-0.402010113001,
1305,0.100238002837,-0.402010113001,
1306,0.100238122046,-0.402010113001,
1307,0.100238248706,-0.402010113001,
1308,0.100238375366,-0.442211121321,
1309,0.100238502026,-0.442211121321,
1310,0.100238628685,-0.482412159443,
1311,0.100238747895,-0.442211121321,
1312,0.100238874555,-0.442211121321,
1313,0.100239001215,-0.442211121321,
1314,0.100239127874,-0.482412159443,
1315,0.100239247084,-0.482412159443,
1316,0.100239373744,-0.482412159443,
1317,0.100239500403,-0.482412159443,
1318,0.100239627063,-0.482412159443,
1319,0.100239753723,-0.522613167763,
1320,0.100239872932,-0.482412159443,
1321,0.100239999592,-0.482412159443,
1322,0.100240126252,-0.522613167763,
1323,0.100240252912,-0.522613167763,
1324,0.100240372121,-0.522613167763,
1325,0.100240498781,-0.562814176083,
1326,0.100240625441,-0.522613167763,
1327,0.100240752101,-0.522613167763,
1328,0.10024087131,-0.522613167763,
1329,0.10024099797,-0.522613167763,
1330,0.10024112463,-0.522613167763,
1331,0.10024125129,-0.522613167763,
1332,0.10024137795,-0.522613167763,
1333,0.100241497159,-0.562814176083,
1334,0.100241623819,-0.562814176083,
1335,0.100241750479,-0.522613167763,
1336,0.100241877139,-0.562814176083,
1337,0.100241996348,-0.562814176083,
1338,0.100242123008,-0.562814176083,
1339,0.100242249668,-0.562814176083,
1340,0.100242376328,-0.562814176083,
1341,0.100242502987,-0.603015184402,
1342,0.100242622197,-0.603015184402,
1343,0.100242748857,-0.603015184402,
1344,0.100242875516,-0.603015184402,
1345,0.100243002176,-0.603015184402,
1346,0.100243121386,-0.562814176083,
1347,0.100243248045,-0.562814176083,
1348,0.100243374705,-0.603015184402,
1349,0.100243501365,-0.603015184402,
1350,0.100243628025,-0.603015184402,
1351,0.100243747234,-0.603015184402,
1352,0.100243873894,-0.603015184402,
1353,0.100244000554,-0.603015184402,
1354,0.100244127214,-0.603015184402,
1355,0.100244246423,-0.562814176083,
1356,0.100244373083,-0.603015184402,
1357,0.100244499743,-0.603015184402,
1358,0.100244626403,-0.603015184402,
1359,0.100244753063,-0.603015184402,
1360,0.100244872272,-0.603015184402,
1361,0.100244998932,-0.562814176083,
1362,0.100245125592,-0.603015184402,
1363,0.100245252252,-0.603015184402,
1364,0.100245371461,-0.603015184402,
1365,0.100245498121,-0.603015184402,
1366,0.100245624781,-0.603015184402,
1367,0.100245751441,-0.603015184402,
1368,0.1002458781,-0.603015184402,
1369,0.10024599731,-0.562814176083,
1370,0.10024612397,-0.562814176083,
1371,0.100246250629,-0.562814176083,
1372,0.100246377289,-0.562814176083,
1373,0.100246496499,-0.603015184402,
1374,0.100246623158,-0.562814176083,
1375,0.100246749818,-0.562814176083,
1376,0.100246876478,-0.603015184402,
1377,0.100247003138,-0.522613167763,
1378,0.100247122347,-0.603015184402,
1379,0.100247249007,-0.522613167763,
1380,0.100247375667,-0.603015184402,
1381,0.100247502327,-0.562814176083,
1382,0.100247621536,-0.562814176083,
1383,0.100247748196,-0.562814176083,
1384,0.100247874856,-0.522613167763,
1385,0.100248001516,-0.522613167763,
1386,0.100248128176,-0.562814176083,
1387,0.100248247385,-0.522613167763,
1388,0.100248374045,-0.562814176083,
1389,0.100248500705,-0.482412159443,
1390,0.100248627365,-0.522613167763,
1391,0.100248746574,-0.522613167763,
1392,0.100248873234,-0.522613167763,
1393,0.100248999894,-0.522613167763,
1394,0.100249126554,-0.482412159443,
1395,0.100249253213,-0.522613167763,
1396,0.100249372423,-0.442211121321,
1397,0.100249499083,-0.482412159443,
1398,0.100249625742,-0.482412159443,
1399,0.100249752402,-0.482412159443,
1400,0.100249871612,-0.482412159443,
1401,0.100249998271,-0.482412159443,
1402,0.100250124931,-0.442211121321,
1403,0.100250251591,-0.442211121321,
1404,0.100250378251,-0.482412159443,
1405,0.10025049746,-0.442211121321,
1406,0.10025062412,-0.402010113001,
1407,0.10025075078,-0.442211121321,
1408,0.10025087744,-0.442211121321,
1409,0.100250996649,-0.442211121321,
1410,0.100251123309,-0.402010113001,
1411,0.100251249969,-0.402010113001,
1412,0.100251376629,-0.361809104681,
1413,0.100251503289,-0.361809104681,
1414,0.100251622498,-0.442211121321,
1415,0.100251749158,-0.402010113001,
1416,0.100251875818,-0.361809104681,
1417,0.100252002478,-0.361809104681,
1418,0.100252121687,-0.361809104681,
1419,0.100252248347,-0.321608096361,
1420,0.100252375007,-0.321608096361,
1421,0.100252501667,-0.281407088041,
1422,0.100252628326,-0.281407088041,
1423,0.100252747536,-0.281407088041,
1424,0.100252874196,-0.321608096361,
1425,0.100253000855,-0.321608096361,
1426,0.100253127515,-0.281407088041,
1427,0.100253246725,-0.241206079721,
1428,0.100253373384,-0.241206079721,
1429,0.100253500044,-0.241206079721,
1430,0.100253626704,-0.241206079721,
1431,0.100253753364,-0.241206079721,
1432,0.100253872573,-0.241206079721,
1433,0.100253999233,-0.2010050565,
1434,0.100254125893,-0.2010050565,
1435,0.100254252553,-0.2010050565,
1436,0.100254371762,-0.2010050565,
1437,0.100254498422,-0.2010050565,
1438,0.100254625082,-0.2010050565,
1439,0.100254751742,-0.160804048181,
1440,0.100254878402,-0.120603039861,
1441,0.100254997611,-0.160804048181,
1442,0.100255124271,-0.160804048181,
1443,0.100255250931,-0.120603039861,
1444,0.100255377591,-0.0804020240903,
1445,0.1002554968,-0.120603039861,
1446,0.10025562346,-0.0804020240903,
1447,0.10025575012,-0.120603039861,
1448,0.10025587678,-0.0804020240903,
1449,0.100256003439,-0.0402010120451,
1450,0.100256122649,-0.0402010120451,
1451,0.100256249309,-0.0402010120451,
1452,0.100256375968,-0.0402010120451,
1453,0.100256502628,-0.0402010120451,
1454,0.100256621838,-0.0402010120451,
1455,0.100256748497,0,
1456,0.100256875157,0,
1457,0.100257001817,0,
1458,0.100257128477,0,
1459,0.100257247686,0,
1460,0.100257374346,0,
1461,0.100257501006,0.0402010120451,
1462,0.100257627666,0.0402010120451,
1463,0.100257746875,0.0402010120451,
1464,0.100257873535,0.0804020240903,
1465,0.100258000195,0.0402010120451,
1466,0.100258126855,0.0804020240903,
1467,0.100258253515,0.0804020240903,
1468,0.100258372724,0.0804020240903,
1469,0.100258499384,0.120603039861,
1470,0.100258626044,0.120603039861,
1471,0.100258752704,0.120603039861,
1472,0.100258871913,0.120603039861,
1473,0.100258998573,0.160804048181,
1474,0.100259125233,0.160804048181,
1475,0.100259251893,0.120603039861,
1476,0.100259378552,0.160804048181,
1477,0.100259497762,0.160804048181,
1478,0.100259624422,0.2010050565,
1479,0.100259751081,0.160804048181,
1480,0.100259877741,0.2010050565,
1481,0.100259996951,0.2010050565,
1482,0.10026012361,0.2010050565,
1483,0.10026025027,0.241206079721,
1484,0.10026037693,0.2010050565,
1485,0.10026050359,0.241206079721,
1486,0.100260622799,0.281407088041,
1487,0.100260749459,0.241206079721,
1488,0.100260876119,0.241206079721,
1489,0.100261002779,0.321608096361,
1490,0.100261121988,0.281407088041,
1491,0.100261248648,0.321608096361,
1492,0.100261375308,0.321608096361,
1493,0.100261501968,0.321608096361,
1494,0.100261628628,0.321608096361,
1495,0.100261747837,0.321608096361,
1496,0.100261874497,0.321608096361,
1497,0.100262001157,0.321608096361,
1498,0.100262127817,0.321608096361,
1499,0.100262247026,0.361809104681,
1500,0.100262373686,0.361809104681,
1501,0.100262500346,0.361809104681,
1502,0.100262627006,0.402010113001,
1503,0.100262753665,0.402010113001,
1504,0.100262872875,0.402010113001,
1505,0.100262999535,0.402010113001,
1506,0.100263126194,0.402010113001,
1507,0.100263252854,0.361809104681,
1508,0.100263372064,0.402010113001,
1509,0.100263498724,0.442211121321,
1510,0.100263625383,0.402010113001,
1511,0.100263752043,0.442211121321,
1512,0.100263878703,0.442211121321,
1513,0.100263997912,0.442211121321,
1514,0.100264124572,0.442211121321,
1515,0.100264251232,0.442211121321,
1516,0.100264377892,0.482412159443,
1517,0.100264497101,0.482412159443,
1518,0.100264623761,0.482412159443,
1519,0.100264750421,0.522613167763,
1520,0.100264877081,0.482412159443,
1521,0.10026499629,0.522613167763,
1522,0.10026512295,0.522613167763,
1523,0.10026524961,0.482412159443,
1524,0.10026537627,0.522613167763,
1525,0.10026550293,0.522613167763,
1526,0.100265622139,0.522613167763,
1527,0.100265748799,0.522613167763,
1528,0.100265875459,0.522613167763,
1529,0.100266002119,0.522613167763,
1530,0.100266121328,0.562814176083,
1531,0.100266247988,0.562814176083,
1532,0.100266374648,0.562814176083,
1533,0.100266501307,0.522613167763,
1534,0.100266627967,0.562814176083,
1535,0.100266747177,0.522613167763,
1536,0.100266873837,0.562814176083,
1537,0.100267000496,0.562814176083,
1538,0.100267127156,0.562814176083,
1539,0.100267246366,0.562814176083,
1540,0.100267373025,0.562814176083,
1541,0.100267499685,0.562814176083,
1542,0.100267626345,0.562814176083,
1543,0.100267753005,0.562814176083,
1544,0.100267872214,0.562814176083,
1545,0.100267998874,0.562814176083,
1546,0.100268125534,0.562814176083,
1547,0.100268252194,0.562814176083,
1548,0.100268371403,0.522613167763,
1549,0.100268498063,0.562814176083,
1550,0.100268624723,0.562814176083,
1551,0.100268751383,0.603015184402,
1552,0.100268878043,0.562814176083,
1553,0.100268997252,0.562814176083,
1554,0.100269123912,0.562814176083,
1555,0.100269250572,0.603015184402,
1556,0.100269377232,0.562814176083,
1557,0.100269496441,0.603015184402,
1558,0.100269623101,0.562814176083,
1559,0.100269749761,0.562814176083,
1560,0.10026987642,0.562814176083,
1561,0.10027000308,0.562814176083,
1562,0.10027012229,0.562814176083,
1563,0.10027024895,0.562814176083,
1564,0.100270375609,0.562814176083,
1565,0.100270502269,0.603015184402,
1566,0.100270621479,0.562814176083,
1567,0.100270748138,0.562814176083,
1568,0.100270874798,0.562814176083,
1569,0.100271001458,0.562814176083,
1570,0.100271128118,0.562814176083,
1571,0.100271247327,0.562814176083,
1572,0.100271373987,0.562814176083,
1573,0.100271500647,0.562814176083,
1574,0.100271627307,0.562814176083,
1575,0.100271746516,0.562814176083,
1576,0.100271873176,0.562814176083,
1577,0.100271999836,0.522613167763,
1578,0.100272126496,0.562814176083,
1579,0.100272253156,0.562814176083,
1580,0.100272372365,0.522613167763,
1581,0.100272499025,0.522613167763,
1582,0.100272625685,0.522613167763,
1583,0.100272752345,0.522613167763,
1584,0.100272871554,0.562814176083,
1585,0.100272998214,0.522613167763,
1586,0.100273124874,0.482412159443,
1587,0.100273251534,0.482412159443,
1588,0.100273378193,0.522613167763,
1589,0.100273497403,0.482412159443,
1590,0.100273624063,0.522613167763,
1591,0.100273750722,0.482412159443,
1592,0.100273877382,0.482412159443,
1593,0.100273996592,0.482412159443,
1594,0.100274123251,0.482412159443,
1595,0.100274249911,0.482412159443,
1596,0.100274376571,0.482412159443,
1597,0.100274503231,0.482412159443,
1598,0.10027462244,0.442211121321,
1599,0.1002747491,0.442211121321,
1600,0.10027487576,0.442211121321,
1601,0.10027500242,0.442211121321,
1602,0.100275121629,0.402010113001,
1603,0.100275248289,0.442211121321,
1604,0.100275374949,0.402010113001,
1605,0.100275501609,0.402010113001,
1606,0.100275628269,0.402010113001,
1607,0.100275747478,0.402010113001,
1608,0.100275874138,0.361809104681,
1609,0.100276000798,0.402010113001,
1610,0.100276127458,0.402010113001,
1611,0.100276246667,0.361809104681,
1612,0.100276373327,0.361809104681,
1613,0.100276499987,0.361809104681,
1614,0.100276626647,0.321608096361,
1615,0.100276753306,0.321608096361,
1616,0.100276872516,0.321608096361,
1617,0.100276999176,0.321608096361,
1618,0.100277125835,0.281407088041,
1619,0.100277252495,0.321608096361,
1620,0.100277371705,0.281407088041,
1621,0.100277498364,0.281407088041,
1622,0.100277625024,0.321608096361,
1623,0.100277751684,0.281407088041,
1624,0.100277878344,0.281407088041,
1625,0.100277997553,0.281407088041,
1626,0.100278124213,0.241206079721,
1627,0.100278250873,0.241206079721,
1628,0.100278377533,0.241206079721,
1629,0.100278496742,0.241206079721,
1630,0.100278623402,0.241206079721,
1631,0.100278750062,0.2010050565,
1632,0.100278876722,0.2010050565,
1633,0.100279003382,0.2010050565,
1634,0.100279122591,0.2010050565,
1635,0.100279249251,0.160804048181,
1636,0.100279375911,0.2010050565,
1637,0.100279502571,0.160804048181,
1638,0.10027962178,0.160804048181,
1639,0.10027974844,0.160804048181,
1640,0.1002798751,0.120603039861,
1641,0.10028000176,0.120603039861,
1642,0.100280128419,0.120603039861,
1643,0.100280247629,0.120603039861,
1644,0.100280374289,0.120603039861,
1645,0.100280500948,0.0804020240903,
1646,0.100280627608,0.0804020240903,
1647,0.100280746818,0.0402010120451,
1648,0.100280873477,0.0804020240903,
1649,0.100281000137,0.0402010120451,
1650,0.100281126797,0.0402010120451,
1651,0.100281253457,0,
1652,0.100281372666,0,
1653,0.100281499326,0,
1654,0.100281625986,0.0402010120451,
1655,0.100281752646,0,
1656,0.100281871855,0,
1657,0.100281998515,0,
1658,0.100282125175,-0.0402010120451,
1659,0.100282251835,0,
1660,0.100282378495,-0.0804020240903,
1661,0.100282497704,-0.0804020240903,
1662,0.100282624364,-0.0402010120451,
1663,0.100282751024,-0.0804020240903,
1664,0.100282877684,-0.0804020240903,
1665,0.100282996893,-0.120603039861,
1666,0.100283123553,-0.0804020240903,
1667,0.100283250213,-0.0804020240903,
1668,0.100283376873,-0.0804020240903,
1669,0.100283503532,-0.120603039861,
1670,0.100283622742,-0.120603039861,
1671,0.100283749402,-0.160804048181,
1672,0.100283876061,-0.160804048181,
1673,0.100284002721,-0.160804048181,
1674,0.100284121931,-0.160804048181,
1675,0.10028424859,-0.2010050565,
1676,0.10028437525,-0.2010050565,
1677,0.10028450191,-0.160804048181,
1678,0.10028462857,-0.2010050565,
1679,0.100284747779,-0.2010050565,
1680,0.100284874439,-0.241206079721,
1681,0.100285001099,-0.241206079721,
1682,0.100285127759,-0.2010050565,
1683,0.100285246968,-0.241206079721,
1684,0.100285373628,-0.281407088041,
1685,0.100285500288,-0.281407088041,
1686,0.100285626948,-0.281407088041,
1687,0.100285753608,-0.281407088041,
1688,0.100285872817,-0.321608096361,
1689,0.100285999477,-0.321608096361,
1690,0.100286126137,-0.321608096361,
1691,0.100286252797,-0.321608096361,
1692,0.100286372006,-0.281407088041,
1693,0.100286498666,-0.321608096361,
1694,0.100286625326,-0.361809104681,
1695,0.100286751986,-0.361809104681,
1696,0.100286878645,-0.321608096361,
1697,0.100286997855,-0.321608096361,
1698,0.100287124515,-0.402010113001,
1699,0.100287251174,-0.361809104681,
1700,0.100287377834,-0.402010113001,
1701,0.100287497044,-0.361809104681,
1702,0.100287623703,-0.402010113001,
1703,0.100287750363,-0.402010113001,
1704,0.100287877023,-0.402010113001,
1705,0.100288003683,-0.402010113001,
1706,0.100288122892,-0.442211121321,
1707,0.100288249552,-0.402010113001,
1708,0.100288376212,-0.402010113001,
1709,0.100288502872,-0.442211121321,
1710,0.100288622081,-0.442211121321,
1711,0.100288748741,-0.442211121321,
1712,0.100288875401,-0.442211121321,
1713,0.100289002061,-0.482412159443,
1714,0.100289128721,-0.482412159443,
1715,0.10028924793,-0.442211121321,
1716,0.10028937459,-0.482412159443,
1717,0.10028950125,-0.482412159443,
1718,0.10028962791,-0.482412159443,
1719,0.100289747119,-0.482412159443,
1720,0.100289873779,-0.522613167763,
1721,0.100290000439,-0.482412159443,
1722,0.100290127099,-0.522613167763,
1723,0.100290246308,-0.522613167763,
1724,0.100290372968,-0.482412159443,
1725,0.100290499628,-0.522613167763,
1726,0.100290626287,-0.522613167763,
1727,0.100290752947,-0.522613167763,
1728,0.100290872157,-0.522613167763,
1729,0.100290998816,-0.562814176083,
1730,0.100291125476,-0.562814176083,
1731,0.100291252136,-0.562814176083,
1732,0.100291371346,-0.562814176083,
1733,0.100291498005,-0.562814176083,
1734,0.100291624665,-0.522613167763,
1735,0.100291751325,-0.562814176083,
1736,0.100291877985,-0.603015184402,
1737,0.100291997194,-0.562814176083,
1738,0.100292123854,-0.522613167763,
1739,0.100292250514,-0.603015184402,
1740,0.100292377174,-0.603015184402,
1741,0.100292496383,-0.562814176083,
1742,0.100292623043,-0.603015184402,
1743,0.100292749703,-0.562814176083,
1744,0.100292876363,-0.603015184402,
1745,0.100293003023,-0.562814176083,
1746,0.100293122232,-0.603015184402,
1747,0.100293248892,-0.603015184402,
1748,0.100293375552,-0.603015184402,
1749,0.100293502212,-0.562814176083,
1750,0.100293621421,-0.562814176083,
1751,0.100293748081,-0.603015184402,
1752,0.100293874741,-0.603015184402,
1753,0.1002940014,-0.603015184402,
1754,0.10029412806,-0.603015184402,
1755,0.10029424727,-0.562814176083,
1756,0.10029437393,-0.603015184402,
1757,0.100294500589,-0.603015184402,
1758,0.100294627249,-0.603015184402,
1759,0.100294746459,-0.603015184402,
1760,0.100294873118,-0.603015184402,
1761,0.100294999778,-0.603015184402,
1762,0.100295126438,-0.603015184402,
1763,0.100295253098,-0.603015184402,
1764,0.100295372307,-0.603015184402,
1765,0.100295498967,-0.603015184402,
1766,0.100295625627,-0.603015184402,
1767,0.100295752287,-0.603015184402,
1768,0.100295871496,-0.603015184402,
1769,0.100295998156,-0.603015184402,
1770,0.100296124816,-0.603015184402,
1771,0.100296251476,-0.603015184402,
1772,0.100296378136,-0.522613167763,
1773,0.100296497345,-0.643216192722,
1774,0.100296624005,-0.603015184402,
1775,0.100296750665,-0.562814176083,
1776,0.100296877325,-0.562814176083,
1777,0.100296996534,-0.562814176083,
1778,0.100297123194,-0.603015184402,
1779,0.100297249854,-0.562814176083,
1780,0.100297376513,-0.562814176083,
1781,0.100297503173,-0.522613167763,
1782,0.100297622383,-0.522613167763,
1783,0.100297749043,-0.562814176083,
1784,0.100297875702,-0.522613167763,
1785,0.100298002362,-0.522613167763,
1786,0.100298121572,-0.522613167763,
1787,0.100298248231,-0.522613167763,
1788,0.100298374891,-0.562814176083,
1789,0.100298501551,-0.522613167763,
1790,0.100298628211,-0.522613167763,
1791,0.10029874742,-0.482412159443,
1792,0.10029887408,-0.482412159443,
1793,0.10029900074,-0.522613167763,
1794,0.1002991274,-0.482412159443,
1795,0.100299246609,-0.482412159443,
1796,0.100299373269,-0.442211121321,
1797,0.100299499929,-0.482412159443,
1798,0.100299626589,-0.482412159443,
1799,0.100299753249,-0.442211121321,
1800,0.100299872458,-0.482412159443,
1801,0.100299999118,-0.482412159443,
1802,0.100300125778,-0.442211121321,
1803,0.100300252438,-0.442211121321,
1804,0.100300371647,-0.442211121321,
1805,0.100300498307,-0.442211121321,
1806,0.100300624967,-0.402010113001,
1807,0.100300751626,-0.402010113001,
1808,0.100300878286,-0.442211121321,
1809,0.100300997496,-0.402010113001,
1810,0.100301124156,-0.402010113001,
1811,0.100301250815,-0.402010113001,
1812,0.100301377475,-0.402010113001,
1813,0.100301496685,-0.361809104681,
1814,0.100301623344,-0.361809104681,
1815,0.100301750004,-0.402010113001,
1816,0.100301876664,-0.361809104681,
1817,0.100302003324,-0.321608096361,
1818,0.100302122533,-0.321608096361,
1819,0.100302249193,-0.321608096361,
1820,0.100302375853,-0.321608096361,
1821,0.100302502513,-0.321608096361,
1822,0.100302621722,-0.281407088041,
1823,0.100302748382,-0.321608096361,
1824,0.100302875042,-0.321608096361,
1825,0.100303001702,-0.281407088041,
1826,0.100303128362,-0.281407088041,
1827,0.100303247571,-0.281407088041,
1828,0.100303374231,-0.241206079721,
1829,0.100303500891,-0.281407088041,
1830,0.100303627551,-0.241206079721,
1831,0.10030374676,-0.2010050565,
1832,0.10030387342,-0.241206079721,
1833,0.10030400008,-0.241206079721,
1834,0.10030412674,-0.241206079721,
1835,0.100304253399,-0.2010050565,
1836,0.100304372609,-0.2010050565,
1837,0.100304499269,-0.2010050565,
1838,0.100304625928,-0.160804048181,
1839,0.100304752588,-0.2010050565,
1840,0.100304871798,-0.160804048181,
1841,0.100304998457,-0.160804048181,
1842,0.100305125117,-0.120603039861,
1843,0.100305251777,-0.120603039861,
1844,0.100305378437,-0.120603039861,
1845,0.100305497646,-0.120603039861,
1846,0.100305624306,-0.0804020240903,
1847,0.100305750966,-0.120603039861,
1848,0.100305877626,-0.0804020240903,
1849,0.100305996835,-0.0402010120451,
1850,0.100306123495,-0.0804020240903,
1851,0.100306250155,-0.0804020240903,
1852,0.100306376815,-0.0402010120451,
1853,0.100306503475,-0.0402010120451,
1854,0.100306622684,-0.0402010120451,
1855,0.100306749344,-0.0402010120451,
1856,0.100306876004,0,
1857,0.100307002664,-0.0402010120451,
1858,0.100307121873,0,
1859,0.100307248533,0,
1860,0.100307375193,0,
1861,0.100307501853,0.0402010120451,
1862,0.100307628512,0,
1863,0.100307747722,0.0402010120451,
1864,0.100307874382,0,
1865,0.100308001041,0.0402010120451,
1866,0.100308127701,0.0402010120451,
1867,0.100308246911,0.0804020240903,
1868,0.10030837357,0.120603039861,
1869,0.10030850023,0.120603039861,
1870,0.10030862689,0.0804020240903,
1871,0.10030875355,0.120603039861,
1872,0.100308872759,0.120603039861,
1873,0.100308999419,0.120603039861,
1874,0.100309126079,0.160804048181,
1875,0.100309252739,0.160804048181,
1876,0.100309371948,0.160804048181,
1877,0.100309498608,0.160804048181,
1878,0.100309625268,0.160804048181,
1879,0.100309751928,0.2010050565,
1880,0.100309878588,0.241206079721,
1881,0.100309997797,0.241206079721,
1882,0.100310124457,0.2010050565,
1883,0.100310251117,0.241206079721,
1884,0.100310377777,0.241206079721,
1885,0.100310496986,0.241206079721,
1886,0.100310623646,0.241206079721,
1887,0.100310750306,0.241206079721,
1888,0.100310876966,0.281407088041,
1889,0.100311003625,0.281407088041,
1890,0.100311122835,0.281407088041,
1891,0.100311249495,0.281407088041,
1892,0.100311376154,0.321608096361,
1893,0.100311502814,0.321608096361,
1894,0.100311622024,0.281407088041,
1895,0.100311748683,0.361809104681,
1896,0.100311875343,0.321608096361,
1897,0.100312002003,0.361809104681,
1898,0.100312128663,0.361809104681,
1899,0.100312247872,0.321608096361,
1900,0.100312374532,0.361809104681,
1901,0.100312501192,0.361809104681,
1902,0.100312627852,0.361809104681,
1903,0.100312747061,0.402010113001,
1904,0.100312873721,0.361809104681,
1905,0.100313000381,0.402010113001,
1906,0.100313127041,0.402010113001,
1907,0.100313253701,0.402010113001,
1908,0.10031337291,0.361809104681,
1909,0.10031349957,0.442211121321,
1910,0.10031362623,0.402010113001,
1911,0.10031375289,0.442211121321,
1912,0.100313872099,0.442211121321,
1913,0.100313998759,0.442211121321,
1914,0.100314125419,0.442211121321,
1915,0.100314252079,0.442211121321,
1916,0.100314371288,0.442211121321,
1917,0.100314497948,0.442211121321,
1918,0.100314624608,0.482412159443,
1919,0.100314751267,0.482412159443,
1920,0.100314877927,0.482412159443,
1921,0.100314997137,0.522613167763,
1922,0.100315123796,0.522613167763,
1923,0.100315250456,0.482412159443,
1924,0.100315377116,0.482412159443,
1925,0.100315496325,0.482412159443,
1926,0.100315622985,0.522613167763,
1927,0.100315749645,0.522613167763,
1928,0.100315876305,0.522613167763,
1929,0.100316002965,0.522613167763,
1930,0.100316122174,0.522613167763,
1931,0.100316248834,0.522613167763,
1932,0.100316375494,0.562814176083,
1933,0.100316502154,0.562814176083,
1934,0.100316621363,0.522613167763,
1935,0.100316748023,0.522613167763,
1936,0.100316874683,0.562814176083,
1937,0.100317001343,0.562814176083,
1938,0.100317128003,0.562814176083,
1939,0.100317247212,0.562814176083,
1940,0.100317373872,0.603015184402,
1941,0.100317500532,0.522613167763,
1942,0.100317627192,0.562814176083,
1943,0.100317746401,0.562814176083,
1944,0.100317873061,0.562814176083,
1945,0.100317999721,0.562814176083,
1946,0.10031812638,0.562814176083,
1947,0.10031825304,0.562814176083,
1948,0.10031837225,0.562814176083,
1949,0.100318498909,0.562814176083,
1950,0.100318625569,0.603015184402,
1951,0.100318752229,0.603015184402,
1952,0.100318871439,0.603015184402,
1953,0.100318998098,0.603015184402,
1954,0.100319124758,0.643216192722,
1955,0.100319251418,0.562814176083,
1956,0.100319378078,0.562814176083,
1957,0.100319497287,0.562814176083,
1958,0.100319623947,0.562814176083,
1959,0.100319750607,0.603015184402,
1960,0.100319877267,0.603015184402,
1961,0.100319996476,0.562814176083,
1962,0.100320123136,0.603015184402,
1963,0.100320249796,0.603015184402,
1964,0.100320376456,0.562814176083,
1965,0.100320503116,0.603015184402,
1966,0.100320622325,0.603015184402,
1967,0.100320748985,0.562814176083,
1968,0.100320875645,0.603015184402,
1969,0.100321002305,0.603015184402,
1970,0.100321121514,0.562814176083,
1971,0.100321248174,0.562814176083,
1972,0.100321374834,0.562814176083,
1973,0.100321501493,0.562814176083,
1974,0.100321628153,0.562814176083,
1975,0.100321747363,0.522613167763,
1976,0.100321874022,0.562814176083,
1977,0.100322000682,0.562814176083,
1978,0.100322127342,0.562814176083,
1979,0.100322246552,0.522613167763,
1980,0.100322373211,0.522613167763,
1981,0.100322499871,0.522613167763,
1982,0.100322626531,0.522613167763,
1983,0.100322753191,0.522613167763,
1984,0.1003228724,0.522613167763,
1985,0.10032299906,0.522613167763,
1986,0.10032312572,0.522613167763,
1987,0.10032325238,0.522613167763,
1988,0.100323371589,0.522613167763,
1989,0.100323498249,0.522613167763,
1990,0.100323624909,0.482412159443,
1991,0.100323751569,0.482412159443,
1992,0.100323878229,0.482412159443,
1993,0.100323997438,0.442211121321,
1994,0.100324124098,0.482412159443,
1995,0.100324250758,0.482412159443,
1996,0.100324377418,0.482412159443,
1997,0.100324496627,0.442211121321,
1998,0.100324623287,0.482412159443,
1999,0.100324749947,0.442211121321,
2000,0.100324876606,0.442211121321,
